Vector content After:	13	
Vector content After:	55	88	
Vector content After:	50	57	72	
Vector content After:	2	27	38	99	
Vector content After:	57	62	65	72	73	
Vector content After:	11	12	23	50	55	67	
Vector content After:	10	11	24	28	44	49	100	
Vector content After:	14	33	43	45	49	52	82	91	
Vector content After:	21	33	82	35	36	57	75	93	95	
Vector content After:	2	24	52	25	27	29	44	59	84	97	
Vector content After:	3	17	42	71	41	43	62	87	88	89	93	
Vector content After:	1	5	44	64	9	47	59	65	70	79	93	96	
Vector content After:	2	6	27	52	8	47	49	84	87	88	89	93	100	
Vector content After:	2	7	18	29	35	42	44	45	51	55	70	76	86	88	
Vector content After:	11	29	40	41	45	49	50	52	60	79	80	81	85	87	100	
Vector content After:	7	15	19	26	28	39	44	55	58	78	79	84	90	91	94	100	
Vector content After:	2	3	6	17	24	27	34	43	45	67	69	75	83	88	90	91	95	
Vector content After:	13	18	19	20	25	26	37	39	42	44	60	61	69	65	70	77	82	88	
Vector content After:	7	9	13	15	19	21	24	25	26	72	37	61	64	100	66	81	88	91	99	
Vector content After:	2	5	6	10	23	24	26	33	42	58	50	54	56	62	64	73	76	84	96	100	
Vector content After:	1	11	19	25	32	34	39	41	43	66	86	52	55	58	73	75	76	77	80	88	100	
Vector content After:	1	2	3	6	9	24	26	38	40	55	83	46	52	53	57	58	64	68	81	89	85	88	
Vector content After:	1	3	5	7	11	14	25	26	27	77	31	35	38	47	49	52	67	71	73	95	88	91	100	
Vector content After:	5	8	9	13	16	17	18	19	27	66	31	38	42	52	54	58	60	62	63	71	79	84	85	97	
Vector content After:	7	11	13	15	17	19	23	27	39	81	44	52	54	57	60	61	71	79	80	82	85	86	88	89	96	
Vector content After:	4	5	10	13	16	19	21	22	24	66	25	32	35	37	38	43	56	59	65	67	73	84	85	95	99	100	
Vector content After:	5	6	11	16	21	22	30	31	35	36	37	42	44	46	48	59	67	73	74	78	87	88	89	90	95	97	99	
Vector content After:	2	5	8	11	18	19	20	23	29	30	32	46	47	52	53	55	67	68	69	70	73	76	78	81	86	98	89	91	
Vector content After:	1	3	7	13	15	18	23	29	30	31	33	34	35	39	43	49	52	54	55	58	70	71	74	77	80	83	81	82	97	
Vector content After:	5	8	10	11	13	19	20	25	36	40	42	45	46	47	51	55	59	61	63	66	70	71	77	78	84	92	89	90	95	96	
Vector content After:	3	7	8	9	13	14	18	20	25	27	29	31	34	37	38	40	44	48	50	53	55	63	98	64	65	72	85	79	80	95	96	
Vector content After:	2	10	12	16	26	31	32	35	37	38	39	41	44	46	50	51	53	64	67	69	72	76	79	81	83	87	85	86	91	94	99	100	
Vector content After:	2	3	9	10	12	13	18	19	22	23	24	31	39	46	49	56	57	58	61	68	69	71	75	84	81	82	85	86	87	96	97	98	100	
Vector content After:	6	12	19	21	23	25	32	33	39	40	42	50	52	53	54	56	57	59	61	74	75	76	78	82	80	81	83	84	89	92	93	95	97	98	
Vector content After:	1	5	8	10	11	12	13	16	19	20	21	23	30	35	43	50	53	54	61	64	68	70	71	80	77	78	83	84	86	87	90	92	99	97	98	
Vector content After:	1	2	3	5	7	10	11	15	17	20	22	25	27	31	35	36	37	38	39	40	43	44	45	48	49	46	51	52	57	58	92	66	78	85	89	94	
Vector content After:	3	11	13	16	18	20	21	29	32	34	36	37	40	47	49	53	55	57	62	66	67	68	72	75	73	74	77	79	81	82	95	86	91	92	94	96	98	
Vector content After:	1	2	3	4	7	9	10	12	20	23	28	32	38	39	49	50	51	57	58	61	66	68	69	74	71	73	76	78	79	80	93	95	100	83	84	85	86	97	
Vector content After:	1	5	11	14	18	20	23	24	26	29	31	35	36	38	39	41	49	50	53	54	58	59	61	68	62	66	71	73	74	75	76	79	83	80	82	85	89	95	100	
